Model,Observations,Return_STD,AIC,BIC,RMSE,MAE
Coverage-Aware,1954,0.026186543772777595,-6839.883362797669,-6818.465913475983,0.022207253535305036,0.016149696843346245
Naive_Filled,3034,0.02101855248097793,-11692.457302270543,-11669.279657447636,0.01788150609533488,0.010665107411848054
